gamma,ssr
10,237465.935863036
11,238047.309081431
12,234283.945948885
13,232489.122752929
14,237570.267038416
15,239453.17292181
