spec,N,beta_iv,se_iv,fs_F
IV full sample (incl. educ=0),11924,0.121273545660074,0.00790587756265258,16.394367111071
IV excluding educ_years==0,11876,0.119935896972663,0.0072984057870408,16.6380055563836
